Genus,Species,bite volume constant,scar proportion,bite conv val,max length (cm),max bite volume (cm^3)
Scarus,flavipectoralis,0,0,1.186,41,0
Bulbometopon ,muricatum,0.01,0.25,1.5,126,1.26
Cetoscarus,bicolor,0.003,0.138888889,0,70,0.21
Chlorurus,bleekeri,0.003,0.095238095,0.554,48,0.144
Chlorurus,frontalis,0.005,0.099206349,0.554,50,0.25
Chlorurus,microrhinos,0.008,0.158730159,0.537,80,0.64
Chlorurus,sordidus,0.001,0.05952381,0.487,30,0.03
Hipposcarus,longiceps,0.004,0.119047619,-0.134,60,0.24
Scarus,altipinnis,0.005,0.119047619,1.186,60,0.3
Scarus,dimidiatus,0.001,0.05952381,1.478,30,0.03
Scarus,forsteni,0.006,0.109126984,0.505,55,0.33
Scarus,ghobban,0.004,0.148809524,0.614,75,0.3
Scarus,oviceps,0.003,0.061507937,0.688,31,0.093
Scarus,prasiognathus,0.004,0.099206349,1.693,50,0.2
Scarus,psitticus,0.003,0.05952381,0.998,30,0.09
Scarus,rubroviolaceus,0.005,0.128968254,0.804,65,0.325
Scarus,schlegeli,0.003,0.075396825,1.426,38,0.114
Scarus,spinos,0,0,2.798,30,0
Scarus,niger,0,0,0.539,35,0
Scarus,japenensis,0,0,1.186,30,0
Scarus,frenatus,0,0,0.398,30,0
Scarus,globiceps,0,0,1.917,27,0
