family,genus,species,weight (g),displacement (ml),density (g/ml),Morphology
Acroporidae,Acropora,awi,41.9,37,1.132432432,caespitose
Acroporidae,Montipora,angulata,55.25,44,1.255681818,branching
Acroporidae,Acropora,cerialis,160.22,91,1.760659341,corymbose
Acroporidae,Acropora,nobilis,40.88,23,1.777391304,branching
Acroporidae,Acropora,digitifera,21.54,12,1.795,digitate
Acroporidae,Acropora,valenciennesi,45.69,25,1.8276,corymbose
Acroporidae,Montipora,montasteriata,24.75,13,1.903846154,encrusting
Acroporidae,Acropora,hyacinthus,116.55,60,1.9425,tabulate
Acroporidae,Acropora,echinata,37.28,16,2.33,caespitose
Acroporidae,Acropora,subglabra,82.38,33,2.496363636,caespitose
Acroporidae,Acropora,nasuta,26.52,10,2.652,corymbose
Acroporidae,Acropora,samoensis,60.47,20,3.0235,corymbose
Acroporidae,Acropora,formosa,56.12,15,3.741333333,branching
Agaricidae,Pavona,venosa,148.05,105,1.41,encrusting
Agaricidae,Pachyseris,speciosa,29.7,18,1.65,foliose
Agaricidae,Leptoseris,explanata,52.3,29,1.803448276,foliose
Astrocoeniidae,Stylocoeniella,armata,72.01,40,1.80025,encrusting
Astrocoeniidae,Palauastrea,ramosa,92.71,36,2.575277778,branching
Dendrophyllidae,Turbinaria,frondens,90.54,44,2.057727273,foliose
Dendrophyllidae,Turbinaria,mesenterina,138.27,72,1.920416667,foliose
Euphyllidae,Plerogyra,sinuosa,,,,massive
Faviidae,Favia,helianthaides,52.75,12,4.395833333,massive
Faviidae,Favia,matthaii,110.48,87,1.269885057,massive
Faviidae,Favites,abdita,271.52,177,1.534011299,massive
Faviidae,Cyphastrea,chalcidicum,281,169,1.662721893,encrusting
Faviidae,Platygyra,pini,202.99,117,1.734957265,massive
Faviidae,Favia,stelligera,266.67,149,1.789731544,massive
Faviidae,Montastrea,curta,59.65,29,2.056896552,massive
Faviidae,Leptoria,phrygia,119.96,58,2.068275862,massive
Faviidae,Favites,halicora,169.97,80,2.124625,massive
Faviidae,Caulastrea,furcata,93.49,41,2.280243902,submassive
Faviidae,Leptastrea,pruinosa,76.85,30,2.561666667,encrusting
Faviidae,Favites,pentagona,159,61,2.606557377,massive
Faviidae,Goniastrea,palauensis,32.54,6,5.423333333,massive
Fungiidae,Fungia,paumotensis,170.24,89,1.912808989,solitary
Fungiidae,Herpolitha,limax,118.81,59,2.013728814,solitary
Fungiidae,Fungia,costulata,34.54,16,2.15875,solitary
Fungiidae,Sandolithia,robusta,71.82,33,2.176363636,solitary
Fungiidae,Cycloseris,vaughan,43.51,13,3.346923077,solitary
Helioporidae,Heliopora,blue,5.75,3,1.916666667,submassive
Merulinidae,Hydnophora,bonsai,43.73,28,1.561785714,submassive
Merulinidae,Merulina,ampliata,28.79,15,1.919333333,encrusting
Merulinidae,Hydnophora,exesa,38.85,18,2.158333333,submassive
Merulinidae,Merulina,scabricula,19.6,9,2.177777778,foliose
Milleporidae,Millepora,tenella,49.74,29,1.715172414,branching
Mussidae,Lobophyllia,hemprichi,212.92,190,1.120631579,massive
Mussidae,Hydrophora,microconus,234.95,162,1.450308642,massive
Oculinidae,Galaxea,astreata,25.01,13,1.923846154,massive
Oculinidae,Galaxea,archelia,28.78,7,4.111428571,branching
Pectiniidae,Echinophyllia,costata,29.75,18,1.652777778,encrusting
Pectiniidae,Oxypora,lacera,24.84,8,3.105,foliose
Pocilloporidae,Pocillopora,damicornis,136.67,71,1.924929577,corymbose
Pocilloporidae,Stylophora,pistillata,119.97,55,2.181272727,corymbose
Pocilloporidae,Seriatopora ,hystrix,51.61,20,2.5805,branching
Pocilloporidae,Pocillopora,verrucosa,216.9,80,2.71125,corymbose
Poritidae,Alveopora,allingi,115.52,108,1.06962963,encrusting
Poritidae,Goniopora,columna,176.03,135,1.303925926,massive
Poritidae,Goniopora,planulata,106.4,78,1.364102564,massive
Poritidae,Porites,annae,97.68,70,1.395428571,submassive
Poritidae,Porites,rus,84.3,60,1.405,submassive
Poritidae,Porites,cylindrica,28.21,18,1.567222222,branching
Poritidae,Porites,lobata,483.91,287,1.686097561,massive
Siderastreidae,Psammocera,superficialis,12.04,7,1.72,encrusting
Siderastreidae,Psammocera,vaughani,287,153,1.875816993,encrusting
Trachyphyllidae,Trachyphillia,geoffroyi,133.76,61,2.192786885,solitary
