genus,species,min,max,Annual Extension (mm/yr),growth form,density
Acropora,hemprichii,NA,NA,15.038,branching,NA
Acropora,hemprichii,NA,NA,6.278,branching,NA
Acropora,hemprichii,NA,NA,5.8035,branching,NA
Acropora,hemprichii,NA,NA,4.745,branching,NA
Porites,spp,NA,NA,10.086,massive,NA
Porites,lutea,12,21,15.2,massive,NA
Porites,nodifera,7,13,11.2,massive,NA
Porites,lobata,NA,NA,8,massive,NA
Porites,lobata,NA,NA,9,massive,NA
Porites,lobata,NA,NA,19,massive,NA
Porites,lutea,NA,NA,15,massive,NA
Porites,lutea,NA,NA,12,massive,NA
Porites,lutea,NA,NA,14,massive,NA
Porites,mayeri,NA,NA,13,massive,NA
Porites,lutea,NA,NA,9.331,massive,NA
Porites,lutea,NA,NA,13.5966,massive,NA
Porites,lutea,NA,NA,13.9965,massive,NA
Porites,lutea,NA,NA,24.99375,massive,NA
Acropora,yongei,NA,NA,62.04,branching,NA
Acropora,yongei,NA,NA,42.42,branching,NA
Isopora,cuneata,NA,NA,17.15,columnar,NA
Isopora,cuneata,NA,NA,21,columnar,NA
Pocillopora,damicornis,NA,NA,6.6,branching,NA
Pocillopora,damicornis,NA,NA,14.8,branching,NA
Porites,heronensis,NA,NA,9.91,columnar,NA
Porites,heronensis,NA,NA,21.29,columnar,NA
Seriatopora,hystrix,NA,NA,19.53,NA,NA
Seriatopora,hystrix,NA,NA,19.49,NA,NA
Stylophora,pistillata,NA,NA,11.62,NA,NA
Stylophora,pistillata,NA,NA,20.6,NA,NA
Acropora,elseyi,NA,NA,127,branching,NA
Acropora,pulchra,NA,NA,206,branching,NA
Goniastrea,aspera,2,9.5,4.1,massive,NA
Goniastrea,aspera,1.7,8.1,3.9,massive,NA
Goniastrea,favulus,2,7.8,3.8,massive,NA
Goniastrea,favulus,2.2,8.6,4.3,massive,NA
Platygyra,sinensis,3.1,10.9,6.4,massive,NA
Platygyra,sinensis,2.1,12.7,6.8,massive,NA
Acropora,palmata,NA,NA,88,branching,NA
Agaricia,agaricites,NA,NA,24,laminar,NA
Montastrea,annularis,NA,NA,8,massive,NA
Acropora,palmata,NA,NA,88,branching,NA
Acropora,palmata,83,97,90,branching,NA
Acropora,palmata,74,90,82,branching,NA
Montastrea,annularis,NA,NA,9.17,massive,1.569
Montastrea,annularis,NA,NA,9.95,massive,1.602
Montastrea,annularis,NA,NA,10.41,columnar,1.694
Montastrea,annularis,NA,NA,9.69,columnar,1.789
Montastrea,annularis,NA,NA,6.54,columnar,1.815
Montastrea,annularis,NA,NA,2.06,laminar/plate,2.173
Montastrea,annularis,NA,NA,1.56,laminar/plate,2.028
Porites,lobata,NA,NA,18.8,massive,NA
Porites,lobata,NA,NA,9.9,massive,NA
Porites,lobata,NA,NA,10.4,massive,NA
Porites,lobata,NA,NA,10.7,massive,NA
Porites,lobata,NA,NA,7.6,massive,NA
Porites,lobata,NA,NA,13.3,massive,NA
Porites,NA,NA,NA,8.02,massive,NA
Porites,NA,NA,NA,14.01,massive,NA
Porites,NA,NA,NA,13.45,massive,NA
Porites,lutea,NA,NA,10.9,massive,1.15
Acropora,eurystome,NA,NA,16.46,branching,NA
Acropora,eurystome,NA,NA,52.8,branching,NA
Stylophora,pistillata,NA,NA,15.05,branching,NA
Stylophora,pistillata,NA,NA,17.72,branching,NA
Montastrea,annularis,8,16,12,massive,NA
Montastrea,annularis,NA,NA,2,massive,NA
Acropora,formosa,NA,NA,63,branching,1.03
Montipora,aequituberculata,NA,NA,29,NA,NA
Turbinaria,mesenterina,NA,NA,11,Foliaceous,1.3
Acropora,aspera,NA,NA,34.95,branching,NA
Acropora,aspera,NA,NA,52.65,branching,NA
Acropora,cervicornis,NA,NA,NA,branching,2.06
Acropora,palmata,NA,NA,NA,branching,1.77
Agaricia,sp.,NA,NA,NA,NA,1.92
Colpophyllia,natans,NA,NA,NA,NA,NA
Madracis,mirabilis,NA,NA,NA,branching,1.64
Montastraea,annularis,NA,NA,NA,NA,1.31
Madracis,mirabilis,NA,NA,22,branching,NA
Astreopora,myriophthalma,NA,NA,7.5,massive,NA
Astreopora,myriophthalma,NA,NA,13,massive,NA
Favia,speciosa,NA,NA,5.6,massive,NA
Favia,speciosa,NA,NA,7,massive,NA
Favia,speciosa,NA,NA,4.6,massive,NA
Favia,speciosa,NA,NA,6,massive,NA
Favia,speciosa,NA,NA,5,massive,NA
Favia,speciosa,NA,NA,4.5,massive,NA
Favia,speciosa,NA,NA,8.5,massive,NA
Favia,speciosa,NA,NA,6.3,massive,NA
Favia,speciosa,NA,NA,8,massive,NA
Favia,stelligera,NA,NA,12,massive,NA
Favia,stelligera,NA,NA,8,massive,NA
Fungia,fungites,NA,NA,10,free-living,NA
Fungia,fungites,NA,NA,12,free-living,NA
Goniastrea,parvistella,NA,NA,12.5,massive,NA
Goniastrea,parvistella,NA,NA,10,massive,NA
Goniastrea,retiformis,NA,NA,7.8,massive,NA
Goniastrea,retiformis,NA,NA,6,massive,NA
Goniastrea,retiformis,NA,NA,9,massive,NA
Herptolitha,limax,NA,NA,10,free-living,NA
Hydnophora,microconos,NA,NA,11.5,massive,NA
Oulophyllia,aspera,NA,NA,22,massive,NA
Oulophyllia,aspera,NA,NA,20,massive,NA
Parahalomitra,robusta,NA,NA,12,free-living,NA
Platygyra,lamellina,NA,NA,7.5,massive,NA
Platygyra,lamellina,NA,NA,8,massive,NA
Platygyra,lamellina,NA,NA,6.7,massive,NA
Pocillopora,eydouxi,NA,NA,50,branching,NA
Porites,lobata,NA,NA,7.8,massive,NA
Porites,lobata,NA,NA,10,massive,NA
Porites,lobata,NA,NA,11.5,massive,NA
Porites,lutea,NA,NA,13.5,massive,NA
Porites,lutea,NA,NA,11,massive,NA
Porites,lutea,NA,NA,5,massive,NA
Psammocora,togianensis,NA,NA,29,branching,NA
Psammocora,togianensis,NA,NA,30,branching,NA
Plesiastrea,versipora,1.5,7.8,4.1375,submassive,NA
Porites,NA,NA,NA,13,massive,1.35
Porites,NA,NA,NA,14.5,massive,1.09
Porites,NA,NA,NA,14.1,massive,1.18
Porites,NA,NA,NA,15.1,massive,1.25
Diploastrea,heliopora,NA,NA,1.8,massive,NA
Montastrea,faveolata,NA,NA,9.5,massive,NA
Montastrea,annularis,NA,NA,8.9,massive,1.6
Montastrea,annularis,NA,NA,8.6,massive,1.67
Montastraea,faveolata,NA,NA,NA,massive,NA
Montastraea,faveolata,NA,NA,NA,massive,NA
Montastraea,franksi,NA,NA,NA,massive,NA
Porites,spp,NA,NA,NA,massive,NA
Porites,astreoides,NA,NA,NA,massive,NA
Porites,astreoides,NA,NA,NA,massive,NA
Montastraea,annularis,NA,NA,8.2,columnar,1.79
Montastraea,annularis,NA,NA,9.1,columnar,1.69
Montastraea,annularis,NA,NA,8.7,NA,1.61
Siderastrea,siderea,NA,NA,4.02,NA,NA
Fungia,granulosa,NA,NA,3.4,free-living,NA
Acropora,palmata,NA,NA,NA,branching,2.02
Acropora,formosa,36,68.4,52.2,NA,NA
Porites,lutea,11.1,24.3,17.7,NA,NA
Acropora,formosa,NA,NA,80,branching,NA
Porites,lutea,NA,NA,18.4,NA,NA
Porites,lutea,NA,NA,15.4,NA,NA
Porites,astreoides,1.3,4.6,3.1,encrusting/plate,NA
Porites,astreoides,2,18,7.3,encrusting/plate,NA
Acropora,cytherea,0.9,103.9,58.1,NA,NA
Acropora,divaricata,1.3,78.4,41.5,NA,NA
Acropora,humilis,0.7,42.4,19.3,NA,NA
Acropora,hyacinthus,3.2,115.5,43.3,NA,NA
Favia,sp.,0.6,30.2,7.5,NA,NA
Favities,sp.,0.5,34,9.6,NA,NA
Pocillopora,verrucosa,6.1,59.5,25.1,NA,NA
Porites,lichen,4.3,43.4,16.3,NA,NA
Porites,lobaba,1.5,33,12.1,NA,NA
Porites,lutea,0.7,35.9,11.2,NA,NA
Porites,nigrescens,0.9,48.4,17.8,NA,NA
Porites,lutea,NA,NA,20,massive,NA
Porites,NA,NA,NA,15.2,massive,1.32
Porites,NA,NA,NA,12.8,massive,1.25
Diploastrea,helipora,2,5,3.5,NA,NA
Montipora,verrucosa,NA,NA,29.2,NA,NA
Montipora,verrucosa,NA,NA,16.452,NA,NA
Porites,compressa,NA,NA,32.85,NA,NA
Porites,compressa,NA,NA,29.2,NA,NA
Acropora,cervicornis,NA,NA,102,branching,NA
Acropora,palmata,NA,NA,71,branching,NA
Agaricia,species,NA,NA,2.47,branching,NA
Colpophyllia,natans,NA,NA,6.34,hemispherical,NA
Diploria,labyrinthiformis,NA,NA,4.33,massive,NA
Meandrina,meandrites,NA,NA,1.22,hemispherical,NA
Montastrea,annularis,NA,NA,7.85,massive,NA
Montastrea,cavernosa,NA,NA,6.45,massive,NA
Montastrea,frankseii,NA,NA,5.63,massive,NA
Porites,astreoides,NA,NA,4.07,massive,NA
Siderastrea,siderea,NA,NA,7.47,massive,NA
Acropora,cervicornis,NA,NA,111.2,branching,NA
Acropora,palmata,NA,NA,65,branching,NA
Porites,astreoides,NA,NA,4.25,NA,NA
Acropora,palmata,50,90,62.5,branching,NA
Acropora,valenciennesi,NA,NA,135,branching,NA
Acropora,valenciennesi,NA,NA,282,branching,NA
Acropora,valenciennesi,NA,NA,142,branching,NA
Acropora,valenciennesi,NA,NA,333,branching,NA
Acropora,valenciennesi,NA,NA,71,branching,NA
Acropora,valenciennesi,NA,NA,113,branching,NA
Favia,sp,NA,NA,9.23,massive,NA
Favia,sp,NA,NA,12.73,massive,NA
Favia,sp,NA,NA,2.86,massive,NA
Montipora,sp,NA,NA,9.23,massive,NA
Montipora,sp,NA,NA,9.74,massive,NA
Montipora,sp,NA,NA,1.75,massive,NA
Porites,Lutea,NA,NA,10.04,massive,NA
Porites,Lutea,NA,NA,15.26,massive,NA
Porites,Lutea,NA,NA,3.98,massive,NA
Favia,sp,2.86,12.73,8.27,NA,NA
Montipora,sp,1.75,9.74,6.91,NA,NA
Porites,lutea,3.98,15.26,9.76,NA,NA
Porites,astreoides,NA,NA,3,massive,1.6
Acropora,formosa,37,42.9,39.95,branching,NA
Pocillopora,damicornis,12.2,14.3,13.25,branching,NA
Montastrea,annularis,NA,NA,4.8,NA,NA
Montastrea,annularis,NA,NA,6,NA,NA
Montastrea,faveolata,NA,NA,6,NA,NA
Montastrea,faveolata,NA,NA,7.2,NA,NA
Porites,cylindrica,NA,NA,30.4,NA,NA
Porites,rus,NA,NA,24.3,NA,NA
Porites,spp,NA,NA,12.6,massive,1.41
Porites,spp,NA,NA,13,massive,1.23
Porites,spp,NA,NA,15.8,massive,NA
Porites,spp,NA,NA,11.7,massive,1.31
Porites,spp,NA,NA,7.1,massive,1.61
Porites,spp,NA,NA,16.6,massive,1.18
Porites,spp,NA,NA,15.9,massive,1.22
Porites,spp,NA,NA,12.9,massive,1.35
Porites,porites,NA,NA,13.3,branching,NA
Porites,NA,NA,NA,14.3,massive,1.43
Porites,NA,NA,NA,12.4,massive,1.24
Acropora,formosa,NA,NA,40.15,branching,NA
Merulina,ampliata,NA,NA,10.2,Foliaceous,NA
Merulina,ampliata,NA,NA,24.6,Foliaceous,NA
Porites,cylindrica,NA,NA,12.85,NA,NA
Montastrea,annularis,NA,NA,9.8,massive,1.28
Diploria,labyrinthiformis,NA,NA,3.6,massive,1.57
Montastraea,annularis,NA,NA,6.2,hemispherical,NA
Montastraea,annularis,NA,NA,8.2,hemispherical,NA
Montastraea,annularis,NA,NA,8.8,hemispherical,NA
Porites,compressa,NA,NA,5.9,branching,NA
Montastraea,annularis,NA,NA,6.68,NA,NA
Montastraea,annularis,NA,NA,4.79,NA,NA
Montastraea,annularis,NA,NA,2.14,NA,NA
Montastraea,annularis,NA,NA,1.7,NA,NA
Montastraea,annularis,NA,NA,1.86,NA,NA
Montastraea,annularis,NA,NA,1.54,NA,NA
Montastraea,annularis,NA,NA,1.63,NA,NA
Diploria,strigosa,4.3,4.6,4.45,massive,NA
Montastrea,annularis,7.1,12.4,9.75,massive,NA
Acropora,hemprichi,NA,NA,9.6,NA,NA
Acropora,pharaonis,NA,NA,14.7,NA,NA
Stylophora,pistillata,NA,NA,19.4,NA,NA
Porites,lobata,NA,NA,16.2,massive,NA
Porites,lobata,NA,NA,13.8,massive,1.17
Porites,lobata,NA,NA,16,massive,1.33
Porites,lobata,NA,NA,15.4,massive,NA
Porites,lobata,NA,NA,13.7,massive,NA
Porites,lobata,NA,NA,14,massive,NA
Porites,lobata,NA,NA,11.7,massive,1.21
Porites,lobata,NA,NA,16.3,massive,1.27
Porites,lobata,NA,NA,13.5,massive,1.08
Porites,lobata,NA,NA,14,massive,NA
Porites,lobata,NA,NA,16.1,massive,NA
Porites,lobata,NA,NA,16,massive,NA
Porites,lobata,NA,NA,13.5,massive,NA
Fungia,scutaria,NA,NA,16.4,NA,NA
Fungia,scutaria,NA,NA,4.6,free-living,NA
Monitpora,verrucosa,NA,NA,14,NA,NA
Pocillopora,damicornis,NA,NA,13.9,NA,NA
Pocillopora,ligulata,NA,NA,14.5,NA,NA
Pocillopora,meandrina,NA,NA,14.8,NA,NA
Porites,compressa,NA,NA,10.8,NA,NA
Porites,compressa,NA,NA,7.3,NA,NA
Porites,evermanni or lutea??,NA,NA,11.6,NA,NA
Porites,lobata,NA,NA,7.1,NA,NA
Porites,lutea,NA,NA,11.6,NA,NA
Psammacora,stellata,NA,NA,5.7,NA,NA
Porites,astreoides,NA,NA,3.54,hemispherical,1.72
Porites,astreoides,NA,NA,3.69,hemispherical,1.42
Porites,astreoides,NA,NA,4.33,hemispherical,1.63
Porites,lobata,NA,NA,5.3,NA,NA
Montastrea,faveolata,NA,NA,8.1,massive,NA
Pavona,clavus,NA,NA,6.1,NA,NA
Diploria,labyrinthiformis,NA,NA,3.5,massive,1.64
Acropora,cervicornis,NA,NA,100,branching,NA
Acropora,cervicornis,NA,NA,71,branching,NA
Acropora,palmata,NA,NA,58.5,branching,NA
Acropora,palmata,NA,NA,55.4,branching,NA
Acropora,palmata,NA,NA,82.7,branching,NA
Acropora,palmata,NA,NA,47.3,branching,NA
Acropora,palmata,NA,NA,99.3,branching,NA
Acropora,palmata,NA,NA,65.4,branching,NA
Acropora,prolifera,NA,NA,81.8,branching,NA
Acropora,prolifera,NA,NA,59.2,branching,NA
Montastrea,annularis,NA,NA,8.3,massive,NA
Montastrea,annularis,NA,NA,6.6,massive,NA
Montastrea,annularis,NA,NA,7,massive,NA
Porites,astreoides,NA,NA,8.9,massive,NA
Porites,astreoides,NA,NA,3.53,massive,NA
Porites,astreoides,NA,NA,3.36,massive,NA
Porites,astreoides,NA,NA,3.36,massive,NA
Porites,astreoides,NA,NA,3,massive,NA
Acropora,cervicornis,NA,NA,45,branching,NA
Acropora,cervicornis,NA,NA,145,branching,NA
Pocillopora,damicornis,NA,NA,39.6,branching,NA
Pocillopora,damicornis,NA,NA,33.6,branching,NA
Pocillopora,damicornis,NA,NA,30.8,branching,NA
Pocillopora,damicornis,NA,NA,38.6,branching,NA
Pocillopora,damicornis,32,52,42,branching,NA
Pocillopora,damicornis,NA,NA,22.4,branching,NA
Balanophyllia,europaea,NA,NA,1.49,free-living,NA
Balanophyllia,europaea,NA,NA,1.15,free-living,NA
Balanophyllia,europaea,NA,NA,1.17,free-living,NA
Balanophyllia,europaea,NA,NA,0.96,free-living,NA
Balanophyllia,europaea,NA,NA,1.08,free-living,NA
Balanophyllia,europaea,NA,NA,1.12,free-living,NA
Porites,compressa,NA,NA,8.13,NA,NA
Porites,compressa,NA,NA,7.66,NA,NA
Porites,lobata,NA,NA,10.1,massive,NA
Porites,lobata,NA,NA,11.6,massive,NA
Porites,lobata,NA,NA,13.49,massive,NA
Porites,lobata,NA,NA,11.57,massive,NA
Porites,lobata,NA,NA,10.81,massive,NA
Porites,lobata,NA,NA,8.02,massive,NA
Porites,lobata,NA,NA,3.02,massive,NA
Porites,Iobata,NA,NA,13,massive,NA
Porites,Iobata,NA,NA,3,massive,NA
Montipora,verrucosa,NA,NA,25.2,NA,NA
Montipora,verrucosa,NA,NA,25.2,NA,NA
Montipora,verrucosa,NA,NA,42.7,NA,NA
Porites,compressa,NA,NA,23.3,NA,NA
Porites,compressa,NA,NA,27.2,NA,NA
Porites,compressa,NA,NA,25.2,NA,NA
Porites,compressa,NA,NA,30.1,NA,NA
Porites,compressa,NA,NA,34,NA,NA
Porites,compressa,NA,NA,31.1,NA,NA
Porites,lobata,NA,NA,7.8,NA,NA
Porites,lobata,NA,NA,7.8,NA,NA
Porites,lobata,NA,NA,5.8,NA,NA
Gardineroseris,planulata,6.3,12.6,10.4,massive,NA
Pavona,clavus,5.4,13.4,9.6,massive,NA
Pavona,gigantea,6.2,12.8,8.3,massive,NA
Pavona,varians,1.9,4.4,3.5,encrusting,NA
Pocillopora,damicornis,21.3,43.7,34.6,branching,NA
Pocillopora,damicornis,17.3,38.1,29.8,branching,NA
Pocillopora,elegans,24.5,38.6,34.8,branching,NA
Pocillopora,elegans,19.3,36.8,31.7,branching,NA
Porites,lobata,8.3,13.2,11.7,massive,NA
Porites,lobata,13.9,19.3,15.3,massive,NA
Porites,lobata,6.5,14.6,10.5,massive,NA
Psammocora,superficialis,4.1,9.4,6.2,columnar,NA
Siderastrea,siderea,NA,NA,4.7,NA,NA
Diploria,strigosa,NA,NA,5.6,massive,NA
Montastrea,annularis,NA,NA,8,massive,NA
Porites,astreoides,NA,NA,5.25,massive,NA
Siderastrea,siderea,NA,NA,4.8,massive,NA
Acropora,formosa,52,79,65.5,branching,NA
Acropora,cytherea,NA,NA,20.9,laminar,NA
Acropora,robusta,NA,NA,22.4,branching,NA
Acropora,solitaryensis,NA,NA,16.7,branching,NA
Acropora,valida,NA,NA,23.6,branching,NA
Acropora,yongei,NA,NA,49.4,branching,NA
Cyphastrea,serailea,NA,NA,3.4,massive,NA
Cyphastrea,serailea (from X-ray),NA,NA,2.6,massive,NA
Favia,pallida,NA,NA,3.3,massive,NA
Favia,pallida (from X-ray),NA,NA,4.6,massive,NA
Goniastrea,australensis,NA,NA,2.8,massive,NA
Goniastrea,australensis (from X-ray),NA,NA,2.9,massive,NA
Montastrea,curta,NA,NA,2.5,massive,NA
Montastrea,curta (from X-ray),NA,NA,2.7,massive,NA
Pocillopora,damicornis,4.7,26.4,12.4,branching,NA
Pocillopora,damicornis,NA,NA,16.1,branching,NA
Porites,heronensis,9,11.8,10.5,columnar,NA
Seriatopora,hystrix,NA,NA,16.7,branching,NA
Turbinaria,frondens,NA,NA,14,Foliaceous,NA
Porites,lutea,NA,NA,8.4,massive,1.35
Porites,lutea,NA,NA,3,massive,NA
Porites,NA,NA,NA,11.94,massive,NA
Porites,NA,NA,NA,8.7,massive,NA
Porites,NA,NA,NA,9.33,massive,NA
Porites,NA,NA,NA,9.3,massive,NA
Porites,NA,NA,NA,4.18,massive,NA
Porites,NA,NA,NA,14.39,massive,NA
Porites,NA,NA,NA,13.28,massive,NA
Porites,NA,NA,NA,10.17,massive,NA
Porites,NA,NA,NA,9.64,massive,NA
Montastrea,faveolata,NA,NA,7.9,massive,1.18
Montipora,digitata,NA,NA,30.5,branching,NA
Favia,pallida,4.1,7.1,5.7,massive,NA
Goniastrea,retiformis,4.9,8.5,6.8,massive,NA
Porites,lutea,3.5,11.8,7.6,massive,NA
Montastrea,annularis,NA,NA,6.34,massive,1.75
Montastrea,cavernosa,NA,NA,4.36,massive,1.6
Porites,astreoides,NA,NA,4.75,massive,1.48
Montastrea,faveolata,NA,NA,11.2,massive,NA
Agaricia,agaricites,NA,NA,1.7,laminar,NA
Agaricia,agaricites,NA,NA,1.6,laminar,NA
Agaricia,agaricites,NA,NA,1.6,laminar,NA
Diploria,labyrinthiformis,NA,NA,3.4,massive,NA
Diploria,labyrinthiformis,NA,NA,3.3,laminar,NA
Diploria,labyrinthiformis,NA,NA,4.6,laminar,NA
Montastrea,annularis,NA,NA,10.7,massive,NA
Montastrea,annularis,NA,NA,8.3,massive,NA
Montastrea,annularis,NA,NA,8,massive,NA
Montastrea,annularis,NA,NA,7,columnar,NA
Montastrea,annularis,NA,NA,4.2,massive,NA
Montastrea,annularis,NA,NA,2.5,laminar,NA
Montastrea,annularis,NA,NA,1.5,laminar,NA
Montastrea,annularis,NA,NA,11.9,columnar,NA
Montastrea,annularis,NA,NA,6.5,massive,NA
Montastrea,annularis,NA,NA,6.8,columnar,NA
Montastrea,annularis,NA,NA,3.4,massive,NA
Montastrea,annularis,NA,NA,2.4,laminar,NA
Montastrea,annularis,NA,NA,1.8,laminar,NA
Montastrea,annularis,NA,NA,6.1,massive,NA
Montastrea,annularis,NA,NA,7.6,massive,NA
Montastrea,annularis,NA,NA,7.4,massive,NA
Montastrea,annularis,NA,NA,10.4,columnar,NA
Montastrea,annularis,NA,NA,2.4,laminar,NA
Montastrea,annularis,NA,NA,2.3,laminar,NA
Montastrea,annularis,NA,NA,1.8,laminar,NA
Montastrea,annularis,NA,NA,0.7,massive,NA
Montastrea,annularis,NA,NA,7.5,massive,NA
Montastrea,annularis,NA,NA,8.9,massive,NA
Montastrea,annularis,NA,NA,9.3,laminar,NA
Montastrea,annularis,NA,NA,5.4,laminar,NA
Montastrea,annularis,NA,NA,3.4,laminar,NA
Montastrea,annularis,NA,NA,1.8,laminar,NA
Montastrea,annularis,NA,NA,2.2,laminar,NA
Porites,astreoides,NA,NA,3.1,massive,NA
Porites,astreoides,NA,NA,2.5,massive,NA
Porites,astreoides,NA,NA,1.9,massive,NA
Siderastrea,Siderea,NA,NA,3.1,massive,NA
Siderastrea,Siderea,NA,NA,2.6,massive,NA
Siderastrea,Siderea,NA,NA,2.5,laminar,NA
Siderastrea,Siderea,NA,NA,2.3,massive,NA
Siderastrea,Siderea,NA,NA,1.5,laminar,NA
Stephanocoenia,NA,NA,NA,1.8,laminar,NA
Montastrea,annularis,NA,NA,11.2,massive,NA
Montastrea,annularis,NA,NA,8.2,massive,NA
Montastrea,annularis,NA,NA,6.3,massive,NA
Porites,lutea,9,12,10.5,NA,NA
Dendrogyra,cylindrus,NA,NA,20,columnar,NA
Montastrea,annularis,NA,NA,6.8,massive,NA
Montastrea,annularis,NA,NA,8.9,massive,NA
Montastrea,annularis,NA,NA,7.2,massive,NA
Montastrea,annularis,NA,NA,8.3,massive,NA
Agaricia,agaricites,NA,NA,NA,plate,1.91
Agaricia,agaricites,NA,NA,NA,plate,1.99
Agaricia,undata,NA,NA,NA,plate,2.46
Agaricia,lamarcki,NA,NA,NA,plate,2.31
Agaricia,agaricites,NA,NA,NA,plate,2.14
Agaricia,fragilis,NA,NA,NA,plate,2.31
Agaricia,undata,NA,NA,NA,plate,2.44
Agaricia,lamarcki,NA,NA,NA,plate,2.25
Agaricia,agaricites,NA,NA,NA,plate,2.08
Agaricia,lamarcki,NA,NA,NA,plate,2.3
Helioseris,cucullata,NA,NA,NA,plate,2.26
Helioseris,cucullata,NA,NA,NA,plate,2.29
Helioseris,cucullata,NA,NA,NA,plate,2.25
Helioseris,cucullata,NA,NA,NA,plate,2.15
Montastraea,annularis,NA,NA,NA,plate,1.95
Montastraea,annularis,NA,NA,NA,plate,1.78
Montastraea,annularis,NA,NA,NA,plate,2.05
Porites,astreoides,NA,NA,NA,plate,1.68
Porites,astreoides,NA,NA,NA,plate,1.67
Porites,astreoides,NA,NA,NA,plate,1.69
Porites,astreoides,NA,NA,NA,plate,1.62
Agaricia,agaricites,NA,NA,4.5,laminar,NA
Agaricia,agaricites,NA,NA,6,laminar,NA
Agaricia,agaricites,NA,NA,6.5,laminar,NA
Agaricia,lamarcki,NA,NA,4.5,laminar,NA
Agaricia,lamarcki,NA,NA,4.5,laminar,NA
Agaricia,lamarcki,NA,NA,5.5,laminar,NA
Montastrea,annularis,NA,NA,3,Foliaceous,NA
Montastrea,annularis,NA,NA,4,Foliaceous,NA
Montastrea,annularis,NA,NA,4.5,Foliaceous,NA
Porites,astreoides,NA,NA,7.8,massive,NA
Porites,astreoides,NA,NA,8,massive,NA
Agaricia,agaricites,0.8,1.6,1.2,laminar,NA
Colpophyllia,natans,9.2,10.5,9.85,hemispherical,NA
Montastrea,annularis,2.8,12.2,7.5,massive,NA
Porites,astreoides,2.2,6.3,4.25,columnar,NA
Pavona,clavus,NA,NA,17.8,massive,NA
Pocillopora,damicornis,NA,NA,66.8,branching,NA
Pocillopora,damicornis,NA,NA,53.1,branching,NA
Pocillopora,damicornis,NA,NA,38,branching,NA
Pocillopora,elegans,NA,NA,52.1,branching,NA
Pocillopora,elegans,NA,NA,41.2,branching,NA
Pocillopora,elegans,NA,NA,43.8,branching,NA
Pocillopora,eydouxi,NA,NA,30.8,branching,NA
Pocillopora,inflata,NA,NA,31.5,branching,NA
Pocillopora,meandrina,NA,NA,34.2,branching,NA
Pocillopora,meandrina,NA,NA,44.6,branching,NA
Psammocora,stellata,NA,NA,18.7,columnar,NA
Psammocora,stellata,NA,NA,9.5,columnar,NA
Acropora,formosa,NA,NA,117.54,branching,NA
Acropora,formosa,NA,NA,120.96,branching,NA
Acropora,cytherea,NA,NA,66.7,table,NA
Acropora,cytherea,NA,NA,93.2,table,NA
Acropora,valida,NA,NA,45,NA,NA
Montipora,verrilli,NA,NA,17.2,NA,NA
Pavona,duerdeni,NA,NA,8.6,NA,NA
Pavona,duerdeni,NA,NA,11.8,NA,NA
Pavona,maldivensis,NA,NA,13.1,NA,NA
Pavona,maldivensis,NA,NA,11,NA,NA
Pocillopora,eydouxi,NA,NA,50.4,NA,NA
Pocillopora,meandrina,NA,NA,23,NA,NA
Millepora,tenera,NA,NA,18.5,NA,NA
Acropora,humilis,NA,NA,9.6,NA,NA
Acropora,humilis,NA,NA,23.7,NA,NA
Porites,Lutea,NA,NA,7.8,NA,NA
Porites,lobata,NA,NA,7.1,NA,NA
Fungia,scutaria,NA,NA,10.3,NA,NA
Fungia,scutaria,NA,NA,5.9,NA,NA
Mussismiia,braziliensis,NA,NA,8,NA,NA
Porites,columnaris,NA,NA,5.68,massive,NA
Porites,lobata,NA,NA,7.48,massive,NA
Heliofungia,actiniformis,NA,NA,5.7,free-living,NA
Favia,speciosa,NA,NA,4.6,massive,NA
Goniastrea,parvistella,NA,NA,12.5,massive,NA
Goniastrea,retiforms,NA,NA,7.8,massive,NA
Montastrea,annularis,NA,NA,17,massive,NA
Platygyra,rustica,NA,NA,22,massive,NA
Porites,Lutea,NA,NA,13.5,massive,NA
Psammocora,togianensis,NA,NA,29,massive,NA
Acropora,granulosa,NA,NA,6.336,branching,NA
Acropora,granulosa,NA,NA,9.24,branching,NA
Acropora,granulosa,NA,NA,5.896,branching,NA
Pocillopora,damicornis,NA,NA,7.392,branching,NA
Pocillopora,damicornis,NA,NA,6.6,branching,NA
Stylophora,pistillata,NA,NA,9.24,branching,NA
Stylophora,pistillata,NA,NA,7.48,branching,NA
Stylophora,pistillata,NA,NA,6.512,branching,NA
Cladocora,caespitosa,NA,NA,3.4608,NA,NA
Siderastrea,siderea,NA,NA,2.6,NA,NA
Lophelia,pertusa,NA,NA,19.9,NA,NA
Acropora,cervicornis,100,120,110,branching,NA
Stylophora,pistillata,NA,NA,24.61,branching,NA
Acropora,palmata,NA,NA,69,branching,NA
Diploria,labyrinthiformis,1.2,8,3.25,massive,NA
Porites,astreoides,0.7,8,2,massive,NA
Diploria,labyrinthiformis,NA,NA,3.71,massive,NA
Diploria,strigosa,NA,NA,3.33,massive,NA
Porites,NA,5.3,22.7,12.9,massive,1.28
Porites,solida,NA,NA,7.2,massive,1.194
Porites,NA,4.5,18,10,massive,NA
Pocillopora,bulbosa,NA,NA,25,branching,NA
Gardineroseris,planulata,4,12.5,6.1,massive,1.63
Pavona,clavus,2,17,9.8,massive,1.69
Pavona,gigantea,3,13,9.2,massive,1.48
Pavona,varians,2,5,3.2,encrusting,1.96
Pocillopora,damicornis,24,33,27.8,branching,NA
Pocillopora,elegans,24.4,31.1,27.4,branching,NA
Pocillopora,damicornis,NA,NA,NA,branching,NA
Acropora,yongei,NA,NA,69.3,branching,NA
Pocillopora,damicornis,NA,NA,14.29,branching,NA
Pocillopora,verrucosa,NA,NA,17.88,branching,NA
Pocillopora,verrucosa,NA,NA,37.6,branching,NA
Acropora,NA,NA,NA,30,NA,NA
Acropora,NA,NA,NA,76,NA,NA
Pocillopora,NA,NA,NA,23,NA,NA
Pocillopora,NA,NA,NA,36,NA,NA
Pocillopora,eydouxi,NA,NA,47,NA,NA
Pocillopora,eydouxi,NA,NA,20,NA,NA
Porites,Porites,NA,NA,30,branching,NA
Porites,Porites,NA,NA,44,branching,NA
Porites,Porites,NA,NA,17,massive,NA
Porites,Porites,NA,NA,31,massive,NA
Montastrea,annularis,NA,NA,8.76,NA,NA
Montastrea,annularis,NA,NA,8.55,columnar,NA
Porites,furcata,NA,NA,53.3,branching,1.05
Porites,australiensis,NA,NA,12,massive,NA
Solenastrea,hyades,NA,NA,15,NA,NA
Stephanocoenia,NA,NA,NA,5,NA,NA
Acropora,austera,NA,NA,62.9,branching,1.44
Acropora,digitifera,NA,NA,37.6,digitate,1.52
Acropora,formosa,39,78.1,58.5,branching,1.57
Acropora,gemmifera,NA,NA,24,digitate,1.47
Acropora,lamarcki,NA,NA,32.4,corymbose,1.41
Acropora,nasuta,NA,NA,52.8,corymbose,1.4
Fungia,fungities,NA,NA,2,free-living,1.99
Hydnophora,microconas,5.9,6.6,6.3,submassive,1.37
Leptalea,purpurea,1.6,2.1,1.8,encrusting,1.63
Pocillopora,meandrina,NA,NA,18.7,submassive,1.42
Porites,cylindrica,4.9,10,7.4,digitate,1.46
Porites,lobata,NA,NA,14.8,massive,1.31
Lophelia,pertusa,NA,NA,5.5,NA,NA
Porites,lutea,NA,NA,13,massive,NA
Acropora,formosa,NA,NA,33,branching,NA
Pocillopora,damicornis,NA,NA,29,branching,NA
Porites,andrewsi,NA,NA,25,NA,NA
Acropora,formosa,NA,NA,52.8,branching,NA
Acropora,elseyi,NA,NA,38,branching,NA
Acropora,florida,NA,NA,45,branching,NA
Acropora,formosa,NA,NA,71.3,branching,NA
Acropora,nobilis,NA,NA,41,branching,NA
Acropora,robusta,NA,NA,55,branching,NA
Fungia,concinna,NA,NA,11.3,free-living,NA
Fungia,concinna,NA,NA,3.6,free-living,NA
Pectinia,alcicornis,NA,NA,1.2,encrusting,NA
Pocillopora,damicornis,NA,NA,36.6,branching,NA
Pocillopora,damicornis,NA,NA,43.2,branching,NA
Acropora,formosa,NA,NA,80,branching,NA
Acropora,formosa,NA,NA,124,branching,NA
Acropora,formosa,NA,NA,166,branching,NA
Porites,lutea,NA,NA,17.725,massive,NA
Porites,lobata,NA,NA,13,massive,NA
Pocillopora,damicornis,15,35,25,branching,NA
Pocillopora,damicornis,36,60,48,branching,NA
Goniastrea,australensis,4.9,6.1,5.6,massive,NA
Cyphastrea,serailea,6.6,8.9,7.2,massive,NA
Cyphastrea,serailea,NA,NA,10.4,massive,NA
Psammocora,superficialis,2,3.3,2.5,massive,NA
Psammocora,superficialis,1.9,2.3,2,massive,NA
Montipora,capitata,NA,NA,26.51,branching,NA
Pocillopora,meandrina,NA,NA,6,branching,NA
Porites,compressa,NA,NA,18.22,branching,NA
Porites,lobata,NA,NA,8.07,massive,NA
Cyphastrea,ocellina,NA,NA,4.145,NA,NA
Pocillopora,damicornis,NA,NA,16.4,NA,NA
Porites,lutea,NA,NA,5.66,NA,NA
Montastrea,faveolata,NA,NA,10.1,NA,NA
Montastrea,faveolata,NA,NA,8,NA,NA
Montastrea,faveolata,NA,NA,12.6,NA,NA
Montastrea,franksi,NA,NA,2.3,NA,NA
Porites,lutea,NA,NA,22.5,massive,1.04
Porites,lutea,NA,NA,21.9,massive,1.11
Porites,lutea,NA,NA,20.9,massive,1.03
Porites,lutea,NA,NA,23.2,massive,1.07
Porites,lutea,NA,NA,21.9,massive,1.15
Porites,lutea,NA,NA,18,massive,1.24
Porites,lutea,NA,NA,23.2,massive,1.2
Porites,lutea,NA,NA,18.4,massive,1.2
Porites,lutea,NA,NA,20.2,massive,1.23
Porites,lutea,NA,NA,16.3,massive,1.29
Porites,lutea,NA,NA,13.7,massive,1.51
Favia,speciosa,NA,NA,6.6,massive,NA
Montipora,digitata,NA,NA,33.8,NA,NA
Acropora,cervicornis,NA,NA,109,branching,NA
Acropora,cervicornis,NA,NA,110,branching,NA
Acropora,formosa,100,137,118.5,branching,NA
Platugyra,spp.,15,16,15.5,massive,NA
Pocillopora,damicornis,NA,NA,45,branching,NA
Porites,lobata,NA,NA,9.8,massive,NA
Porites,lobata,NA,NA,1.2,massive,NA
Porites,lutea,NA,NA,3.412,massive,1.583
Porites,species,NA,NA,6.35,massive,NA
Acropora,cerealis,NA,NA,42.9,caespitose,NA
Acropora,humilis,NA,NA,22.9,corymbose,NA
Acropora,hyacinthus,NA,NA,99.3,table,NA
Acropora,nasuta,NA,NA,39.2,caespito-corymbose,NA
Montipora,spp,NA,NA,21.7,encrusting,NA
Pocillopora,damicornis,NA,NA,26.4,caespitose,NA
Pocillopora,verrucosa,NA,NA,37.2,caespitose,NA
Seriatopora,hystrix,NA,NA,22.1,caespitose,NA
Acropora,spicifera,NA,NA,105.2,table,NA
Acropora,spicifera,NA,NA,10.42,table,NA
Acropora,spicifera,NA,NA,123.6,table,NA
Merulina,sp.,NA,NA,17.2,vasiform,NA
Merulina,sp.,NA,NA,29.3,vasiform,NA
Montipora,capitata,NA,NA,32.5,plate,NA
Montipora,sp.,NA,NA,40.3,plate,NA
Montipora,sp.,NA,NA,51.8,plate,NA
Agaricia,agaricites,NA,NA,4.8,laminar,NA
Agaricia,agaricites,NA,NA,3.5,laminar,NA
Montastrea,annularis,NA,NA,12,massive,NA
Montastrea,annularis,NA,NA,11,massive,NA
Montastrea,annularis,NA,NA,12.2,massive,NA
Montastrea,annularis,NA,NA,11.7,massive,NA
Montastrea,annularis,NA,NA,7.6,massive,NA
Montastrea,annularis,NA,NA,7.2,massive,NA
Montastrea,annularis,NA,NA,7,massive,NA
Montastrea,annularis,NA,NA,9.1,massive,NA
Porites,astreoides,NA,NA,6.5,massive,NA
Porites,astreoides,NA,NA,5.9,massive,NA
Siderastrea,siderea,NA,NA,5.4,massive,NA
Siderastrea,siderea,NA,NA,4.1,massive,NA
Acropora,formosa,NA,NA,80.5,branching,NA
Acropora,aspera,NA,NA,43.5,branching,NA
Porites,lutea,NA,NA,7,massive,NA
Acropora,abrotanoides,125,130,127.5,NA,NA
Acropora,pulchra,101,172,136.5,branching,NA
Porites,NA,8,10,9,branching,NA
Porites,lutea,NA,NA,19.21,massive,NA
Porites,lutea,NA,NA,17.08,massive,NA
Porites,lutea,NA,NA,16.83,massive,NA
Porites,lutea,NA,NA,21.59,massive,NA
Porites,lutea,NA,NA,15.31,massive,NA
Porites,lutea,NA,NA,16.1,massive,NA
Porites,lutea,NA,NA,19.11,massive,NA
Porites,lutea,NA,NA,15.42,massive,NA
Porites,spp,NA,NA,18.81,massive,1.149
Montastrea,annularis,NA,NA,12.4,columnar,NA
Montastrea,annularis,NA,NA,8.8,massive,NA
Montastrea,annularis,NA,NA,7.56,NA,NA
Acropora,cervicornis,NA,NA,142.35,branching,NA
Porites,NA,NA,NA,22.33,massive,1.029
Acropora,cervicornis,NA,NA,141,branching,NA
Acropora,cervicornis,NA,NA,126,branching,NA
Acropora,cervicornis,NA,NA,100,branching,NA
Acropora,cervicornis,NA,NA,112,branching,NA
Acropora,cervicornis,NA,NA,74,branching,NA
Acropora,cervicornis,NA,NA,109,branching,NA
Acropora,cervicornis,NA,NA,159,branching,NA
Acropora,cervicornis,NA,NA,119,branching,NA
Acropora,cervicornis,NA,NA,134,branching,NA
Acropora,cervicornis,NA,NA,140,branching,NA
Acropora,cervicornis,NA,NA,126,branching,NA
Acropora,cervicornis,NA,NA,120,branching,NA
Acropora,cervicornis,NA,NA,80,branching,NA
Acropora,cervicornis,NA,NA,120,branching,NA
Acropora,cervicornis,NA,NA,92,branching,NA
Acropora,cervicornis,NA,NA,95,branching,NA
Acropora,cervicornis,NA,NA,148,branching,NA
Acropora,cervicornis,NA,NA,35,branching,NA
Acropora,cervicornis,NA,NA,52,branching,NA
Montastraea,annularis,NA,NA,11.575,columnar,1.37
Montastraea,annularis,NA,NA,11.45,massive,1.28
Montastraea,annularis,NA,NA,5.35,Bumpy,1.82
Acropora,cervicornis,40,45,42.5,NA,NA
Acropora,palmata,25,40,32.5,NA,NA
Acropora,prolifera,NA,NA,37,NA,NA
Siderastrea,siderea,1.5,2.3,1.9,NA,NA
Siderastrea,radians,1.5,5,3.25,NA,NA
Porites,porites,8.3,20,14.15,NA,NA
Porites,fircata,9,22.8,15.9,NA,NA
Porites,astreoides,3.5,14,8.75,NA,NA
Montastrea,annularis,NA,NA,6,NA,NA
Diploria,clivosa,4,8.8,6.4,massive,NA
Diploria,strigosa,3.5,10,6.75,massive,NA
Pocillopora,damicornis,NA,NA,9,branching,NA
Pocillopora,damicornis,NA,NA,15,branching,NA
Platugyra,spp.,NA,NA,10.2,massive,NA
Platugyra,spp.,NA,NA,6.3,massive,NA
Platugyra,spp.,NA,NA,10,massive,NA
Platugyra,spp.,NA,NA,4.9,massive,NA
Platugyra,spp.,NA,NA,9.1,massive,NA
Platugyra,spp.,NA,NA,7,massive,NA
Platugyra,spp.,NA,NA,7,massive,NA
Platugyra,spp.,NA,NA,7.7,massive,NA
Platugyra,spp.,NA,NA,6.3,massive,NA
Platugyra,spp.,NA,NA,8.3,massive,NA
Platygyra,spp.,NA,NA,7.8,massive,NA
Platygyra,spp.,NA,NA,10.4,massive,NA
Platygyra,spp.,NA,NA,10.3,massive,NA
Platygyra,spp.,NA,NA,9.4,massive,NA
Platygyra,spp.,NA,NA,12,massive,NA
Pavona,clavus,NA,NA,18.42,massive,NA
Pavona,clavus,NA,NA,14.92,massive,NA
Pavona,gigantea,NA,NA,12.83,massive,NA
Pavona,gigantea,NA,NA,11.67,massive,NA
Pocillopora,damicornis,NA,NA,54.25,branching,NA
Pocillopora,damicornis,NA,NA,46.07,branching,NA
Pavona,clavus,NA,NA,9.3,massive,1.86
Pavona,clavus,NA,NA,13.2,massive,1.44
Pavona,gigantea,NA,NA,8.5,massive,1.76
Acropora,pulchra,NA,NA,166,branching,NA
Porites,lutea,NA,NA,11.3,massive,NA
