,spplist,CP,Dlist,Lklist,extensionratematch,Densitymatch,morphologies,MorphRvW,DlistRvW,LklistRvW
1,Acropora acuminata,NaN,1.91279905,7.6247412,genus match,genus match,NA,corymbose,1.9,7.6
2,Acropora austera,NaN,1.44,6.29,species match,species match,branching,branching,1.4,6.3
3,Acropora bruggemanni,NaN,1.91279905,7.6247412,genus match,genus match,NA,branching,1.9,7.6
4,Acropora cerealis,0.004102954,1.91279905,4.29,species match,genus match,caespitose,corymbose,1.9,4.3
5,Acropora clathrata,NaN,1.91279905,7.6247412,genus match,genus match,NA,tabulate,1.9,11.0
6,Acropora cytherea,NaN,1.91279905,5.9725,species match,genus match,laminar,tabulate,1.9,6.0
7,Acropora densa,NaN,1.91279905,7.6247412,genus match,genus match,NA,branching,1.9,7.6
8,Acropora digitifera,NaN,1.6575,3.76,species match,species match,corymbose,digitate,1.7,3.5
9,Acropora divaricata,NaN,1.91279905,4.15,species match,genus match,NA,corymbose,1.9,4.2
10,Acropora donei,NaN,1.91279905,7.6247412,genus match,genus match,NA,corymbose,1.9,7.6
11,Acropora echinata,NaN,2.33,7.6247412,genus match,species match,caespitose,caespitose,2.3,7.6
12,Acropora elseyi,NaN,1.91279905,8.25,species match,genus match,branching,caespitose,1.9,9.0
13,Acropora florida,NaN,1.91279905,4.5,species match,genus match,branching,branching,1.9,4.5
14,Acropora formosa,NaN,2.520666667,8.022941176,species match,species match,branching,branching,2.5,8.0
15,Acropora gemmifera,NaN,1.47,2.4,species match,species match,digitate,digitate,1.5,2.4
16,Acropora grandis,NaN,1.91279905,7.6247412,genus match,genus match,NA,branching,1.9,9.0
17,Acropora humilis,NaN,1.91279905,1.8875,species match,genus match,corymbose,digitate,1.9,1.9
18,Acropora hyacinthus,NaN,1.9425,7.13,species match,species match,tabulate,tabulate,1.9,8.0
19,Acropora latistella,NaN,1.91279905,7.6247412,genus match,genus match,NA,corymbose,1.9,7.6
20,Acropora longicyathus,1.215383144,1.91279905,7.6247412,genus match,genus match,NA,caespitose,1.9,8.0
21,Acropora loripes,NaN,1.91279905,7.6247412,genus match,genus match,NA,corymbose,1.9,6.0
22,Acropora microclados,NaN,1.91279905,7.6247412,genus match,genus match,NA,corymbose,1.9,6.0
23,Acropora microphthalma,NaN,1.91279905,7.6247412,genus match,genus match,NA,branching,1.9,10.0
24,Acropora monticulosa,NaN,1.91279905,7.6247412,genus match,genus match,NA,digitate,1.9,2.0
25,Acropora nasuta,NaN,2.026,4.6,species match,species match,corymbose,corymbose,2.0,4.6
26,Acropora nobilis,NaN,1.777391304,4.1,species match,species match,branching,branching,1.8,8.0
27,Acropora palifera,NaN,1.91279905,7.6247412,genus match,genus match,NA,submassive,1.9,4.0
28,Acropora polystoma,NaN,1.91279905,7.6247412,genus match,genus match,NA,corymbose,1.9,5.0
29,Acropora recruit,0.121538314,1.91279905,7.6247412,genus match,genus match,NA,encrusting,1.9,3.0
30,Acropora samoensis,NaN,3.0235,7.6247412,genus match,species match,corymbose,corymbose,3.0,4.0
31,Acropora secale,NaN,1.91279905,7.6247412,genus match,genus match,NA,corymbose,1.9,4.0
32,Acropora tenuis,NaN,1.91279905,7.6247412,genus match,genus match,NA,corymbose,1.9,8.0
33,Acropora valenciennesi,3.47414576,1.8276,17.93333333,species match,species match,corymbose,corymbose,1.8,17.9
34,Acropora valida,NaN,1.91279905,3.43,species match,genus match,branching,branching,1.9,7.0
35,Acropora verweyi,NaN,1.91279905,7.6247412,genus match,genus match,NA,branching,1.9,7.0
36,Acropra recruit,NaN,NaN,NaN,genus match,genus match,NA,,NaN,NaN
37,Coeloseris mayeri,NaN,NaN,NaN,genus match,genus match,NA,massive,1.7,3.0
38,Coscinarea columna,NaN,NaN,NaN,genus match,genus match,NA,massive,2.3,2.0
39,Ctenactis echinata,NaN,NaN,NaN,genus match,genus match,NA,solitary,2.0,4.0
40,Cyphastrea chalcidicum,NaN,1.662721893,0.5549,genus match,species match,encrusting,encrusting,1.7,0.6
41,Cyphastrea serailia,NaN,1.662721893,0.5549,genus match,genus match,NA,massive,1.7,0.6
42,Diploastrea heliopora,NaN,NaN,0.18,species match,genus match,massive,massive,2.0,0.5
43,Echinophyllia aspera,NaN,1.652777778,NaN,genus match,genus match,NA,encrusting,1.7,0.4
44,Echinopora gemmacea,NaN,NaN,NaN,genus match,genus match,NA,submassive,1.5,0.6
45,Echinopora lamellosa,NaN,NaN,NaN,genus match,genus match,NA,foliose,1.2,2.0
46,Favia matthaii,NaN,1.269885057,0.670904762,genus match,species match,massive,massive,1.3,0.7
47,Favia pallida,NaN,2.485149978,0.45,species match,genus match,massive,massive,2.5,0.5
48,Favia speciosa,NaN,2.485149978,0.606363636,species match,genus match,massive,massive,2.5,0.6
49,Favia stelligera,NaN,1.789731544,1,species match,species match,massive,massive,1.8,1.0
50,Favites abdita,NaN,1.534011299,NaN,genus match,species match,massive,massive,1.5,0.5
51,Favites flexuosa,NaN,2.088397892,NaN,genus match,genus match,NA,massive,2.1,0.4
52,Favites halicora,NaN,2.124625,NaN,genus match,species match,massive,massive,2.1,0.4
53,Galaxea astreata,NaN,1.923846154,NaN,genus match,species match,massive,massive,1.9,3.0
54,Gardinoseris planulata,NaN,NaN,NaN,genus match,genus match,NA,massive,1.6,1.5
55,Goniastrea aspera,0.028924444,5.423333333,0.4,species match,genus match,massive,massive,5.4,0.4
56,Goniastrea retiformis,NaN,5.423333333,0.74,species match,genus match,massive,massive,5.4,0.7
57,Hydnophora rigida,NaN,1.696706349,0.89,genus match,genus match,NA,branching,1.7,0.9
58,Leptastrea purpurea,NaN,2.561666667,NaN,genus match,genus match,NA,encrusting,2.6,0.4
59,Leptastrea transversa,NaN,2.561666667,NaN,genus match,genus match,NA,encrusting,2.6,0.6
60,Leptoria phrygia,NaN,2.068275862,NaN,genus match,species match,massive,massive,2.1,0.4
61,Lobophyllia hemprichii,NaN,1.120631579,NaN,genus match,genus match,NA,massive,1.1,0.3
62,Merulina ampliata,NaN,1.919333333,1.74,species match,species match,encrusting,submassive,1.9,0.8
63,Millepora exesa,NaN,1.715172414,1.85,genus match,genus match,NA,encrusting,1.7,1.5
64,Montastrea valienessii,NaN,1.700492611,0.706406593,genus match,genus match,NA,massive,1.7,0.4
65,Montipora aequituberculata,NaN,1.579763986,2.9,species match,genus match,NA,foliose,1.6,18.0
66,Montipora encrusting,0.09866767,1.579763986,2.498288889,genus match,genus match,NA,encrusting,1.6,2.0
67,Mycedium elephatotus,NaN,NaN,NaN,genus match,genus match,NA,encrusting,1.7,1.5
68,Ocypora lacera,NaN,NaN,NaN,genus match,genus match,NA,,NaN,NaN
69,Oulophyllia crispa,NaN,NaN,2.1,genus match,genus match,NA,massive,1.9,1.0
70,Oxypora lacera,NaN,3.105,NaN,genus match,species match,foliose,foliose,3.1,0.6
71,Pachseris rugosa,NaN,NaN,NaN,genus match,genus match,NA,,NaN,NaN
72,Pachyseris rugosa,NaN,1.65,NaN,genus match,genus match,NA,submassive,1.7,0.5
73,Pachyseris speciosa,NaN,1.65,NaN,genus match,species match,foliose,foliose,1.7,0.8
74,Palythoa zoanthid,NaN,NaN,NaN,genus match,genus match,NA,,NaN,NaN
75,Pavona cactus,NaN,1.657142857,1.057052632,genus match,genus match,NA,foliose,1.7,1.1
76,Pavona varians,NaN,1.96,0.335,species match,species match,encrusting,encrusting,2.0,0.3
77,Pavona venosa,NaN,1.41,1.057052632,genus match,species match,encrusting,encrusting,1.4,1.1
78,Pectinia lactuca,NaN,NaN,0.12,genus match,genus match,NA,foliose,3.2,0.1
79,Pectinia teres,NaN,NaN,0.12,genus match,genus match,NA,foliose,3.2,0.1
80,Platygyra daedalea,NaN,1.734957265,0.975454545,genus match,genus match,NA,massive,1.7,1.0
81,Platygyra lamellina,NaN,1.734957265,0.74,species match,genus match,massive,massive,1.7,0.7
82,Platygyra verweyi,NaN,1.734957265,0.975454545,genus match,genus match,NA,massive,1.7,1.0
83,Pocillopora damicornis,NaN,1.924929577,2.898036364,species match,species match,corymbose,corymbose,1.9,2.9
84,Pocillopora eydouxi,NaN,2.018726526,3.964,species match,genus match,branching,branching,2.0,4.0
85,Pocillopora verrucosa,NaN,2.71125,2.9445,species match,species match,corymbose,corymbose,2.7,2.9
86,Pocillpora verrucosa,NaN,NaN,NaN,genus match,genus match,NA,branching,NaN,NaN
87,Porites attenuata,0.060371861,1.327199044,1.299662114,genus match,genus match,NA,branching,1.3,1.5
88,Porites australiensis,0.384887723,1.327199044,1.2,species match,genus match,massive,massive,1.3,1.2
89,Porites cylindrica,0.064777161,1.513611111,1.688333333,species match,species match,branching,branching,1.5,1.7
90,Porites deformis,0.132243124,1.327199044,1.299662114,genus match,genus match,NA,submassive,1.3,1.3
91,Porites densa,0.089120366,1.327199044,1.299662114,genus match,genus match,NA,massive,1.3,0.8
92,Porites latistella,NaN,1.327199044,1.299662114,genus match,genus match,NA,submassive,1.3,1.5
93,Porites lobata,5.915701494,1.457215447,1.122468085,species match,species match,massive,massive,1.5,1.2
94,Porites negroensis,NaN,1.327199044,1.299662114,genus match,genus match,NA,branching,1.3,1.5
95,Porites rus,1.027090125,1.405,2.43,species match,species match,submassive,submassive,1.4,2.4
96,Psammocora columna,NaN,NaN,1.58625,genus match,genus match,NA,massive,2.0,1.6
97,Seriatopora hystrix,NaN,NaN,1.9455,species match,genus match,branching,branching,2.0,1.9
98,Stylophora pistillata,NaN,2.181272727,1.469244444,species match,species match,corymbose,corymbose,2.2,1.5
99,Symphyllia radians,NaN,NaN,NaN,genus match,genus match,NA,massive,2.6,1.3
100,Symphyllia recta,NaN,NaN,NaN,genus match,genus match,NA,massive,2.6,1.3
101,Tridacna clam,NaN,NaN,NaN,genus match,genus match,NA,,NaN,NaN
102,Tubiopora musica,NaN,NaN,NaN,genus match,genus match,NA,massive,2.5,0.6
